{"cameraMode":{"drawMode":0,"name":"Shaded","section":"Shading Mode"},"sceneLighting":true,"audioPlay":false,"sceneViewState":{"m_AlwaysRefresh":true,"showFog":true,"showSkybox":true,"showFlares":true,"showImageEffects":true,"showParticleSystems":true,"showVisualEffectGraphs":true,"m_FxEnabled":true},"in2DMode":false,"pivot":{"x":3.5271971225738527,"y":-8.013766288757325,"z":-7.815143585205078},"rotation":{"x":0.6818450093269348,"y":0.005713657010346651,"z":-0.005325957201421261,"w":0.7314559817314148},"size":7.5027384757995609,"orthographic":false}